City_ID,City,Cloudiness,Country,Date,Humidity,Lat,Lng,Max Temp,Wind Speed
0,aswan,0,EG,1536566400,28,24.09,32.9,93.2,12.75
1,punta arenas,0,CL,1536566400,86,-53.16,-70.91,39.2,8.05
2,mataura,0,NZ,1536570313,95,-46.19,168.86,40.18,5.17
3,georgetown,20,GY,1536566400,100,6.8,-58.16,73.4,2.24
4,hobart,0,AU,1536568200,76,-42.88,147.33,55.4,4.7
5,khuzdar,0,PK,1536570315,31,27.8,66.62,92.02,1.81
6,springbok,0,ZA,1536568920,14,-29.67,17.88,62.6,20.8
7,umm lajj,0,SA,1536570315,63,25.02,37.27,92.83,8.75
8,lokosovo,80,RU,1536570316,69,61.13,74.84,43.15,17.47
9,kruisfontein,0,ZA,1536570316,93,-34.0,24.73,62.77,8.19
10,port elizabeth,90,US,1536569700,96,39.31,-74.98,62.96,14.99
11,cap malheureux,40,MU,1536566400,47,-19.98,57.61,78.8,18.34
12,plettenberg bay,0,ZA,1536570318,94,-34.05,23.37,62.41,1.92
13,longyearbyen,20,NO,1536567600,80,78.22,15.63,41.0,2.24
14,sambava,20,MG,1536570318,98,-14.27,50.17,76.63,12.88
15,port blair,80,IN,1536570319,100,11.67,92.75,81.04,5.61
16,new norfolk,0,AU,1536568200,76,-42.78,147.06,55.4,4.7
17,clyde river,90,CA,1536566400,86,70.47,-68.59,33.8,4.27
18,riyadh,0,SA,1536566400,11,24.63,46.72,104.0,8.05
19,beisfjord,0,NO,1536569400,42,68.38,17.6,68.0,18.34
20,puerto ayora,76,EC,1536570321,100,-0.74,-90.35,69.25,11.43
21,notre-dame-du-lac,1,CA,1536565980,81,47.61,-68.8,39.02,4.7
22,ushuaia,20,AR,1536566400,45,-54.81,-68.31,44.6,14.99
23,bredasdorp,0,ZA,1536566400,51,-34.53,20.04,62.6,8.19
24,fortuna,20,ES,1536568200,54,38.18,-1.13,82.4,11.41
25,padang,24,ID,1536570323,100,-0.92,100.36,81.4,4.72
26,esperance,20,TT,1536566400,100,10.24,-61.45,75.2,3.94
27,vaini,56,IN,1536570323,84,15.34,74.49,78.7,4.83
28,mareeba,20,AU,1536568200,69,-16.99,145.42,73.4,17.22
29,lom sak,75,TH,1536566400,78,16.78,101.24,82.4,6.93
30,milan,0,IT,1536567600,69,45.47,9.19,77.0,3.36
31,zhangjiakou,92,CN,1536570325,70,40.77,114.88,62.23,8.75
32,kapaa,90,US,1536567300,97,22.08,-159.32,75.92,5.82
33,mayskiy,20,RU,1536568200,56,43.63,44.06,73.4,4.47
34,lakes entrance,8,AU,1536570326,87,-37.88,147.99,54.67,3.83
35,albany,90,US,1536569460,82,42.65,-73.75,53.96,3.71
36,atuona,100,PF,1536570327,98,-9.8,-139.03,79.96,14.23
37,jamestown,0,AU,1536570262,26,-33.21,138.6,62.68,6.73
38,barrow,80,AR,1536570328,95,-38.31,-60.23,44.05,6.62
39,makakilo city,1,US,1536566220,73,21.35,-158.09,78.98,3.36
40,trincomalee,20,LK,1536570328,100,8.58,81.23,79.78,3.6
41,rikitea,32,PF,1536570329,100,-23.12,-134.97,73.39,16.13
42,hualmay,24,PE,1536570329,93,-11.1,-77.61,49.27,1.59
43,khatanga,76,RU,1536570329,69,71.98,102.47,44.77,9.53
44,izazi,20,TZ,1536566400,44,-7.24,35.72,78.8,3.27
45,grindavik,75,IS,1536568200,100,63.84,-22.43,46.4,3.36
46,lebu,12,ET,1536570330,56,8.96,38.73,70.78,4.61
47,bluff,0,AU,1536570331,24,-23.58,149.07,70.96,8.52
48,qaanaaq,80,GL,1536570331,100,77.48,-69.36,28.03,1.59
49,georgiyevka,80,RU,1536570331,27,52.25,40.45,78.16,13.22
50,pontianak,75,ID,1536566400,52,-0.02,109.34,91.4,3.36
51,mayo,5,CA,1536566400,82,63.59,-135.9,35.6,4.7
52,tuktoyaktuk,64,CA,1536570332,100,69.44,-133.03,32.17,12.77
53,pereslavl-zalesskiy,48,RU,1536570332,75,56.74,38.86,60.52,12.77
54,okha,56,RU,1536570333,67,53.59,142.95,48.73,14.12
55,avarua,20,CK,1536566400,88,-21.21,-159.78,71.6,3.36
56,tasiilaq,90,GL,1536569400,86,65.61,-37.64,39.2,3.36
57,minudasht,0,IR,1536570334,59,37.23,55.37,84.91,4.5
58,pisco,90,PE,1536566400,88,-13.71,-76.2,62.6,3.36
59,komsomolskiy,76,RU,1536570334,79,67.55,63.78,41.98,11.99
60,hermanus,0,ZA,1536570335,46,-34.42,19.24,65.56,3.15
61,castro,88,CL,1536570335,97,-42.48,-73.76,37.21,2.48
62,asyut,0,EG,1536566400,54,27.18,31.19,84.2,11.41
63,hithadhoo,68,MV,1536570336,100,-0.6,73.08,83.83,9.98
64,barra de sao francisco,0,BR,1536570336,89,-18.75,-40.89,53.14,1.92
65,yulara,0,AU,1536566400,7,-25.24,130.99,84.2,2.24
66,busselton,8,AU,1536570135,100,-33.64,115.35,58.72,24.85
67,port alfred,0,ZA,1536570337,99,-33.59,26.89,62.41,5.39
68,quatre cocos,40,MU,1536566400,47,-20.21,57.76,78.8,18.34
69,mount gambier,0,AU,1536570338,71,-37.83,140.78,60.52,5.17
70,tobolsk,48,RU,1536570338,72,58.2,68.25,45.85,11.54
71,dikson,64,RU,1536570338,100,73.51,80.55,35.59,10.09
72,payakumbuh,44,ID,1536570339,71,-0.23,100.63,82.48,3.15
73,sibu,75,MY,1536566400,59,2.29,111.83,89.6,5.82
74,hami,0,CN,1536570339,22,42.84,93.51,80.41,11.65
75,umm kaddadah,0,SD,1536570340,51,13.6,26.69,90.31,5.95
76,levelland,75,US,1536565980,87,33.59,-102.38,66.02,8.05
77,thompson,90,CA,1536566400,93,55.74,-97.86,42.8,16.11
78,dhidhdhoo,0,MV,1536570341,100,6.88,73.1,84.1,7.18
79,waipawa,0,NZ,1536570341,83,-39.94,176.59,37.48,5.17
80,norman wells,90,CA,1536566400,65,65.28,-126.83,46.4,13.87
81,samarai,92,PG,1536570342,99,-10.62,150.67,77.98,21.94
82,hobyo,0,SO,1536570342,68,5.35,48.53,84.37,17.58
83,palmer,0,AU,1536568200,42,-34.85,139.16,68.0,9.17
84,mahebourg,40,MU,1536566400,47,-20.41,57.7,78.8,18.34
85,bonavista,0,CA,1536570344,100,48.65,-53.11,47.47,10.76
86,saint-augustin,20,FR,1536568200,88,44.83,-0.61,68.0,5.82
87,loandjili,40,CG,1536566400,83,-4.77,11.87,77.0,5.82
88,islahiye,40,TR,1536565800,50,37.03,36.63,77.0,2.24
89,tiksi,92,RU,1536570346,100,71.64,128.87,36.13,20.38
90,yellowknife,40,CA,1536566400,75,62.45,-114.38,41.0,6.93
91,tucurui,92,BR,1536570347,96,-3.77,-49.67,71.95,2.37
92,port lincoln,0,AU,1536570347,61,-34.72,135.86,67.09,11.88
93,arraial do cabo,92,BR,1536570347,97,-22.97,-42.02,68.08,0.36
94,conceicao da barra,0,BR,1536570052,93,-18.59,-39.73,71.32,5.73
95,naze,88,NG,1536570348,100,5.43,7.07,76.27,4.72
96,bethel,1,US,1536565980,89,60.79,-161.76,46.94,9.17
97,pevek,0,RU,1536570349,71,69.7,170.27,53.95,4.83
98,xining,76,CN,1536570350,69,36.62,101.77,61.15,1.7
99,provideniya,12,RU,1536570350,95,64.42,-173.23,47.47,1.25
100,griffith,0,AU,1536570350,72,-34.29,146.06,58.27,2.71
101,port hedland,0,AU,1536568200,39,-20.31,118.58,84.2,18.34
102,alofi,92,NU,1536566400,94,-19.06,-169.92,71.6,3.36
103,mocuba,92,MZ,1536570351,100,-16.84,36.99,68.89,5.84
104,tianguismanalco,92,MX,1536570351,98,18.98,-98.45,48.73,1.59
105,hervey bay,12,AU,1536570352,92,-25.3,152.85,68.8,13.67
106,chokurdakh,0,RU,1536570352,55,70.62,147.9,57.73,15.46
107,hasaki,75,JP,1536568920,100,35.73,140.83,77.0,5.82
108,porto novo,75,BR,1536570000,87,-23.68,-45.44,57.2,2.24
109,puerto del rosario,20,ES,1536568200,69,28.5,-13.86,75.2,16.11
110,pangnirtung,76,CA,1536570354,88,66.15,-65.72,32.26,8.3
111,sovetskiy,0,RU,1536570355,70,56.76,48.47,56.56,8.75
112,saint-philippe,1,CA,1536567300,87,45.36,-73.48,48.2,3.36
113,uribia,0,CO,1536570355,86,11.71,-72.27,79.06,11.99
114,thunder bay,5,CA,1536566400,100,48.41,-89.26,44.6,2.24
115,faanui,64,PF,1536570356,100,-16.48,-151.75,77.89,7.74
116,butaritari,48,KI,1536570356,100,3.07,172.79,84.28,13.22
117,lorengau,80,PG,1536570357,100,-2.02,147.27,80.86,9.42
118,kapit,68,MY,1536570357,72,2.02,112.94,84.28,1.14
119,carnarvon,0,ZA,1536570357,31,-30.97,22.13,57.01,9.08
120,narovchat,92,RU,1536570357,33,53.88,43.7,76.36,3.49
121,cabo san lucas,36,MX,1536570215,100,22.89,-109.91,82.75,8.3
122,okhotsk,92,RU,1536570358,100,59.36,143.24,48.91,5.39
123,talnakh,92,RU,1536570358,92,69.49,88.39,38.83,9.98
124,bubaque,20,GW,1536566400,100,11.28,-15.83,75.2,5.06
125,coquimbo,90,CL,1536566400,100,-29.95,-71.34,48.2,3.36
126,yerbogachen,0,RU,1536570359,56,61.28,108.01,52.96,3.71
127,buchanan,75,LR,1536568200,94,5.88,-10.05,75.2,3.36
128,upernavik,88,GL,1536570360,100,72.79,-56.15,35.5,5.61
129,kenai,1,US,1536566160,86,60.55,-151.26,50.0,4.7
130,turukhansk,92,RU,1536570361,97,65.8,87.96,44.95,5.39
131,kalamare,0,BW,1536570361,29,-22.93,26.57,67.18,14.45
132,daru,92,SL,1536570361,100,7.99,-10.85,74.29,4.72
133,shelburne,90,CA,1536568920,93,44.08,-80.2,55.4,19.46
134,la paz,20,MX,1536570362,100,24.15,-110.32,72.04,3.04
135,ocos,75,GT,1536565200,100,14.51,-92.19,73.4,4.72
136,luangwa,0,MZ,1536570363,48,-15.62,30.4,81.76,16.8
137,port macquarie,0,AU,1536566400,67,-31.43,152.91,60.8,6.93
138,ponta do sol,0,BR,1536570363,80,-20.63,-46.0,49.81,2.82
139,east london,0,ZA,1536566400,36,-33.02,27.91,64.4,4.7
140,katsuura,75,JP,1536566400,94,33.93,134.5,69.8,3.36
141,bambous virieux,40,MU,1536566400,47,-20.34,57.76,78.8,18.34
142,ancud,88,CL,1536570365,85,-41.87,-73.83,37.3,2.59
143,saskylakh,32,RU,1536570365,76,71.97,114.09,38.56,4.61
144,flinders,0,AU,1536566400,82,-34.58,150.85,57.2,5.82
145,sarandi,0,BR,1536570366,77,-27.94,-52.92,56.74,15.35
146,pochutla,8,MX,1536570366,100,15.74,-96.47,81.4,2.93
147,torrington,1,US,1536569580,89,42.06,-104.18,55.94,4.7
148,cape town,0,ZA,1536566400,51,-33.93,18.42,62.6,6.93
149,ostrovnoy,12,RU,1536570367,82,68.05,39.51,56.2,10.98
150,burnie,44,AU,1536570368,93,-41.05,145.91,55.12,14.0
151,sola,75,NO,1536569400,76,58.89,5.65,57.2,13.87
152,rasht,40,IR,1536568200,65,37.28,49.58,82.4,4.7
153,emborion,0,GR,1536565800,46,40.48,21.55,69.8,5.82
154,lagoa,0,PT,1536568200,57,37.14,-8.45,77.0,9.17
155,lompoc,90,US,1536568680,96,34.64,-120.46,57.02,5.82
156,torbay,40,CA,1536566400,87,47.66,-52.73,48.2,3.36
157,sinnamary,64,GF,1536570370,100,5.38,-52.96,80.68,6.73
158,kitangari,20,TZ,1536570370,76,-10.65,39.33,80.32,8.75
159,gold coast,0,AU,1536568200,67,-28.0,153.41,62.6,6.93
160,huarmey,12,PE,1536570371,82,-10.07,-78.15,48.55,2.37
161,victoria,75,BN,1536568200,83,5.28,115.24,86.0,4.7
162,chuy,68,UY,1536570372,89,-33.69,-53.46,54.85,11.65
163,meulaboh,92,ID,1536570373,100,4.14,96.13,80.41,2.04
164,rohnert park,1,US,1536568500,100,38.34,-122.7,64.94,1.92
165,honiara,40,SB,1536566400,100,-9.43,159.96,77.0,2.24
166,hay river,40,CA,1536566400,71,60.82,-115.79,35.6,6.93
167,petropavlovsk-kamchatskiy,0,RU,1536566400,54,53.05,158.65,55.4,8.95
168,shubarshi,0,KZ,1536570375,26,48.59,57.19,79.6,4.72
169,codrington,0,AU,1536570376,74,-28.95,153.24,58.27,4.94
170,saint george,20,GR,1536567600,30,39.45,22.34,82.4,11.41
171,hilo,90,US,1536566160,84,19.71,-155.08,78.08,5.82
172,awash,20,ET,1536570377,34,8.99,40.17,90.04,4.05
173,nanortalik,88,GL,1536570377,100,60.14,-45.24,38.74,14.56
174,sestri levante,0,IT,1536567600,65,44.27,9.41,77.0,4.7
175,warin chamrap,40,TH,1536566400,70,15.19,104.86,86.0,5.82
176,baykit,48,RU,1536570379,68,61.68,96.39,55.75,6.96
177,caramay,76,PH,1536570379,100,10.18,119.24,83.02,5.61
178,thomaston,1,US,1536568500,88,32.89,-84.33,75.02,4.38
179,the valley,20,AI,1536566400,78,18.22,-63.06,80.6,3.15
180,klaksvik,0,FO,1536569400,100,62.23,-6.59,50.0,6.93
181,puerto escondido,8,MX,1536570381,100,15.86,-97.07,83.92,3.94
182,biloxi,75,US,1536569580,90,30.4,-88.89,75.92,1.7
183,ribeira grande,20,PT,1536568200,83,38.52,-28.7,73.4,3.36
184,paragominas,0,BR,1536570382,96,-3.0,-47.35,69.07,2.71
185,leningradskiy,68,RU,1536570383,71,69.38,178.42,51.7,6.85
186,krasnoufimsk,0,RU,1536570383,66,56.6,57.77,54.13,4.16
187,tuatapere,36,NZ,1536570384,100,-46.13,167.69,45.94,6.17
188,juba,40,EE,1536569400,87,57.82,26.93,60.8,3.36
189,champerico,36,MX,1536570385,92,16.38,-93.6,66.19,0.25
190,tura,12,IN,1536570385,95,25.52,90.21,81.31,3.6
191,chapais,1,CA,1536566400,86,49.78,-74.86,39.2,6.93
192,nouadhibou,24,MR,1536566400,64,20.93,-17.03,71.6,19.46
193,kahului,75,US,1536566160,84,20.89,-156.47,78.98,6.93
194,dunedin,92,NZ,1536570178,94,-45.87,170.5,40.9,2.71
195,almaznyy,48,RU,1536570386,33,48.03,40.04,74.74,13.67
196,pathein,64,MM,1536570387,81,16.78,94.73,84.37,6.96
197,silver city,1,US,1536569700,82,32.77,-108.28,58.28,6.93
198,derbent,8,RU,1536570388,69,42.06,48.29,72.85,3.6
199,lazaro cardenas,0,MX,1536570388,86,28.39,-105.62,55.75,2.37
200,vila franca do campo,40,PT,1536568200,94,37.72,-25.43,73.4,3.36
201,manggar,12,ID,1536570389,73,-2.88,108.27,85.81,13.22
202,yar-sale,8,RU,1536570390,100,66.83,70.83,42.7,17.81
203,mattru,76,SL,1536570390,100,7.62,-11.83,76.9,3.94
204,zhangye,76,CN,1536570390,43,38.94,100.46,70.51,4.16
205,kodiak,75,US,1536569580,100,39.95,-94.76,53.06,2.93
206,fort abbas,0,PK,1536570391,56,29.19,72.85,97.42,4.61
207,monteria,75,CO,1536566400,100,10.74,-74.19,78.8,1.03
208,richards bay,56,ZA,1536570391,87,-28.77,32.06,63.13,11.65
209,namatanai,44,PG,1536570392,100,-3.66,152.44,82.3,8.86
210,agudos,0,BR,1536566400,87,-22.47,-48.99,59.0,13.87
211,amarwara,32,IN,1536570392,81,22.3,79.17,81.85,7.63
212,nikolskoye,90,RU,1536568200,82,59.7,30.79,57.2,11.18
213,gamboula,32,CF,1536570393,93,4.12,15.14,79.15,5.84
214,colares,0,PT,1536568200,73,38.8,-9.45,69.8,5.82
215,vao,68,EE,1536570394,77,59.1,26.19,66.1,7.07
216,sawakin,8,SD,1536570394,54,19.1,37.33,96.43,7.74
217,southbridge,90,US,1536569760,86,42.08,-72.03,53.96,6.93
218,iqaluit,75,CA,1536566400,80,63.75,-68.52,39.2,18.34
219,gerzat,0,FR,1536568200,43,45.83,3.15,73.4,2.24
220,boa vista,0,BR,1536570000,94,2.82,-60.67,73.4,2.82
221,mantua,0,IT,1536567600,65,45.16,10.79,77.0,1.12
222,vardo,90,US,1536569100,83,39.62,-77.74,62.6,4.7
223,chimbote,64,PE,1536570397,100,-9.08,-78.59,57.1,2.15
224,narrabri,0,AU,1536570397,58,-30.33,149.78,58.45,6.06
225,bodden town,76,KY,1536570398,98,19.28,-81.25,84.91,11.21
226,novyy urengoy,48,RU,1536570398,90,66.08,76.63,39.28,21.5
227,vaitape,88,PF,1536570398,100,-16.52,-151.75,76.0,10.65
228,frontera,8,MX,1536570399,92,18.53,-92.64,75.82,5.73
229,isangel,36,VU,1536570399,100,-19.55,169.27,72.58,7.74
230,tezu,92,IN,1536570399,100,27.93,96.16,66.28,0.69
231,touros,92,BR,1536570399,94,-5.2,-35.46,74.02,15.12
232,lulea,75,SE,1536567600,93,65.58,22.15,57.2,8.05
233,sitka,0,US,1536570400,90,37.17,-99.65,57.28,6.85
234,bozeman,1,US,1536568500,56,45.68,-111.04,48.92,3.27
235,vila velha,40,BR,1536570000,78,-3.71,-38.6,77.0,8.05
236,gazanjyk,0,TM,1536570401,23,39.24,55.52,88.33,7.96
237,ranong,40,TH,1536566400,70,9.96,98.62,86.0,11.41
238,santa isabel,0,CO,1536570314,92,4.71,-75.1,55.21,0.69
239,muisne,92,EC,1536570403,98,0.61,-80.02,71.5,3.27
240,sao filipe,80,CV,1536570403,96,14.9,-24.5,78.43,21.5
241,dover,90,US,1536569700,96,39.16,-75.52,64.94,14.99
242,diamantino,0,BR,1536570404,75,-14.4,-56.44,64.21,3.38
243,aklavik,90,CA,1536566400,98,68.22,-135.01,33.8,4.7
244,whyalla,0,AU,1536566400,13,-33.04,137.58,78.8,11.41
245,yatou,75,CM,1536566400,94,3.63,9.81,77.0,6.93
246,flagstaff,1,US,1536568500,30,35.2,-111.65,71.6,9.17
247,muzhi,0,RU,1536570406,86,65.4,64.7,45.22,5.39
248,nam dinh,44,VN,1536570406,81,20.42,106.17,83.92,4.72
249,gamba,44,CN,1536570406,61,28.28,88.52,45.58,5.17
250,skibbereen,75,IE,1536570000,87,51.55,-9.27,57.2,13.87
251,mezhdurechenskiy,20,RU,1536570407,55,59.59,65.91,47.74,7.96
252,kandrian,100,PG,1536570407,100,-6.21,149.55,74.38,5.84
253,nome,1,US,1536569700,94,30.04,-94.42,75.02,2.82
254,lardos,0,GR,1536567600,51,36.09,28.02,82.4,11.41
255,lata,88,IN,1536570408,100,30.78,78.62,63.13,1.14
256,soyo,32,AO,1536570409,81,-6.13,12.37,79.15,4.83
257,shaoyang,0,CN,1536570409,65,27.23,111.45,77.71,5.17
258,victor harbor,0,AU,1536568200,42,-35.55,138.62,68.0,9.17
259,suileng,56,CN,1536570410,66,47.25,127.08,64.3,10.31
260,ust-kan,20,RU,1536570410,57,50.93,84.77,50.62,2.71
261,broken hill,0,AU,1536570410,53,-31.97,141.45,63.67,3.15
262,ust-kulom,20,RU,1536570411,67,61.69,53.69,52.6,5.73
263,saint-joseph,0,FR,1536568200,60,43.56,6.97,77.0,3.36
264,goundam,76,ML,1536570411,100,16.42,-3.66,74.47,10.31
265,lucapa,92,AO,1536570412,89,-8.42,20.74,70.24,7.4
266,karratha,0,AU,1536570412,20,-20.74,116.85,92.02,12.77
267,mount isa,0,AU,1536568200,9,-20.73,139.49,80.6,5.82
268,tautira,20,PF,1536568200,78,-17.73,-149.15,73.4,4.7
269,clawson,90,US,1536569100,89,42.53,-83.15,59.0,11.41
270,san patricio,0,PY,1536570414,87,-26.98,-56.83,59.71,4.72
271,alyangula,0,AU,1536570414,80,-13.85,136.42,80.86,9.86
272,saldanha,0,PT,1536570415,64,41.42,-6.55,67.9,4.38
273,salacgriva,0,LV,1536570415,70,57.75,24.36,67.18,4.38
274,tromso,0,NO,1536569400,63,69.65,18.96,62.6,28.86
275,sobolevo,92,RU,1536570416,74,54.43,31.9,63.49,6.73
276,fairbanks,1,US,1536567960,93,64.84,-147.72,39.02,6.93
277,buraydah,0,SA,1536566400,22,26.33,43.97,100.4,13.87
278,chernyshevskiy,44,RU,1536570417,72,63.01,112.47,47.38,3.49
279,mar del plata,0,AR,1536570417,95,-46.43,-67.52,33.97,3.38
280,pascagoula,1,US,1536569580,90,30.37,-88.56,78.98,1.7
281,lavrentiya,32,RU,1536570418,100,65.58,-170.99,44.14,3.71
282,qaqortoq,40,GL,1536569400,64,60.72,-46.03,35.6,1.12
283,morgan city,40,US,1536568500,94,29.7,-91.21,73.94,4.38
284,nangka,75,MY,1536566400,70,6.78,116.79,86.0,9.17
285,luau,0,CD,1536570419,72,-10.7,22.23,75.1,3.38
286,ziniare,40,BF,1536566400,88,12.58,-1.3,78.8,2.24
287,verkhniy baskunchak,0,KZ,1536570419,23,48.23,46.72,83.56,11.65
288,angoche,64,MZ,1536570420,97,-16.23,39.91,78.79,9.42
289,sur,0,OM,1536570420,84,22.57,59.53,86.35,3.6
290,qandala,0,SO,1536570420,46,11.47,49.87,93.73,3.6
291,semey,32,KZ,1536570421,46,50.41,80.25,69.97,8.97
292,banjar,68,ID,1536570421,68,-7.37,108.54,78.7,8.19
293,yantongshan,0,CN,1536570421,80,43.28,126.02,64.3,3.71
294,fort nelson,5,CA,1536566400,86,58.81,-122.69,32.0,3.15
295,san isidro,68,PH,1536570423,93,16.74,121.63,78.88,3.38
296,soligalich,0,RU,1536570424,80,59.08,42.29,55.57,9.64
297,xiongzhou,0,CN,1536566400,50,32.34,118.83,77.0,8.95
298,ribeira brava,75,PT,1536568200,68,32.65,-17.07,71.6,13.87
299,dingle,76,PH,1536570425,83,11.0,122.67,80.95,2.15
300,canarana,80,BR,1536570425,88,-11.69,-41.77,63.13,7.96
301,airai,0,TL,1536570426,49,-8.93,125.41,79.42,2.48
302,calama,0,CL,1536566400,8,-22.46,-68.93,46.4,19.46
303,kargalinskaya,20,RU,1536570426,65,43.74,46.48,78.43,9.42
304,synya,88,RU,1536570427,89,65.37,58.04,43.33,5.73
305,karaton,20,ID,1536568200,38,-6.34,106.1,91.4,18.34
306,waingapu,0,ID,1536570427,42,-9.65,120.26,86.98,10.87
307,broome,0,GB,1536569760,77,52.47,1.45,60.44,10.29
308,severo-kurilsk,0,RU,1536570428,94,50.68,156.12,50.98,5.39
309,kokopo,44,PG,1536570428,100,-4.34,152.27,79.78,7.4
310,serov,48,RU,1536570429,56,59.61,60.57,51.43,3.6
311,porosozero,76,RU,1536570429,88,62.72,32.71,53.77,4.38
312,ahipara,92,NZ,1536570429,98,-35.17,173.16,55.39,8.97
313,deoli,80,IN,1536570430,98,25.76,75.37,80.95,8.3
314,takoradi,80,GH,1536570431,100,4.89,-1.75,73.93,3.15
315,bluefield,90,US,1536569700,100,37.27,-81.22,67.28,3.71
316,longview,90,US,1536569700,90,32.5,-94.74,71.96,3.36
317,necochea,88,AR,1536570432,98,-38.55,-58.74,45.4,5.73
318,clarence town,0,AU,1536568200,72,-32.59,151.78,60.8,4.7
319,sept-iles,5,CA,1536566400,77,50.2,-66.38,32.0,3.36
320,beringovskiy,0,RU,1536570433,90,63.05,179.32,55.3,4.83
321,praia,0,BR,1536566400,62,-20.25,-43.81,59.0,4.7
322,bichura,76,RU,1536570434,66,50.59,107.6,57.46,6.51
323,chara,20,GR,1536567600,30,39.42,22.43,82.4,11.41
324,kharod,20,IN,1536570435,65,21.55,73.0,87.79,12.21
325,clonakilty,75,IE,1536570000,87,51.62,-8.87,57.2,13.87
326,kavieng,24,PG,1536570436,100,-2.57,150.8,83.65,8.63
327,rio gallegos,0,AR,1536566400,87,-51.62,-69.22,32.0,1.12
328,seguela,80,CI,1536570437,100,7.96,-6.67,74.2,6.06
329,kuryk,0,KZ,1536570437,42,43.18,51.68,80.23,10.76
330,ambon,90,FR,1536568200,93,47.55,-2.56,62.6,3.36
331,marzuq,64,YE,1536570497,15,14.4,46.47,92.11,2.48
332,shimoda,75,JP,1536567000,100,34.7,138.93,75.2,2.24
333,cardenas,0,MX,1536570440,89,27.62,-110.24,76.72,3.49
334,maragogi,56,BR,1536570440,90,-9.01,-35.22,73.03,9.31
335,nantucket,90,US,1536568500,77,41.28,-70.1,62.96,9.17
336,teguise,40,ES,1536568200,69,29.06,-13.56,75.2,18.34
337,salinas,1,US,1536568500,82,36.67,-121.66,57.02,4.94
338,rorvik,0,NO,1536569400,63,64.86,11.24,62.6,18.34
339,marystown,0,CA,1536570442,100,47.17,-55.16,48.46,13.22
340,orlik,76,RU,1536570442,65,52.51,99.83,41.17,2.59
341,almora,92,IN,1536570442,91,29.6,79.66,73.84,2.37
342,batemans bay,0,AU,1536570443,91,-35.71,150.18,55.21,4.61
343,tessalit,0,ML,1536570443,55,20.2,1.01,88.15,5.84
344,muros,75,ES,1536568200,100,42.77,-9.06,60.8,5.82
345,erenhot,48,CN,1536570444,60,43.65,111.97,70.15,19.71
346,ende,0,ID,1536570444,100,-8.84,121.65,80.05,7.07
347,veseloyarsk,32,RU,1536570444,44,51.29,81.11,70.15,14.0
348,sorland,0,NO,1536569400,55,67.67,12.69,64.4,18.34
349,nabire,20,ID,1536570445,90,-3.36,135.5,72.13,1.7
350,peking,0,DE,1536569400,49,52.08,11.12,68.0,5.82
351,mtinko,0,TZ,1536570446,48,-4.55,34.84,79.87,9.98
352,linxia,64,CN,1536570401,65,35.6,103.21,63.04,3.71
353,destin,20,US,1536566280,82,30.39,-86.5,80.96,5.17
354,inhambane,12,MZ,1536570447,94,-23.87,35.38,72.13,18.81
355,zarichne,92,UA,1536570447,83,51.81,26.13,65.83,8.41
356,vuktyl,92,RU,1536570447,100,63.86,57.31,41.53,3.6
357,te anau,80,NZ,1536570448,95,-45.41,167.72,41.26,2.37
358,covington,90,US,1536567300,82,35.56,-89.65,64.4,6.93
359,san cristobal,75,EC,1536566400,81,-0.39,-78.55,50.0,5.82
360,cidreira,36,BR,1536570449,93,-30.17,-50.22,59.8,15.23
361,poum,0,MK,1536568200,35,41.28,20.71,73.4,4.7
362,songea,75,TZ,1536566400,68,-10.68,35.65,71.6,11.41
363,tokoroa,92,NZ,1536570450,88,-38.22,175.87,43.78,2.37
364,puerto madryn,0,AR,1536570450,94,-42.77,-65.04,47.11,16.46
365,hovd,75,NO,1536569400,55,63.83,10.7,66.2,20.8
366,deputatskiy,92,RU,1536570451,97,69.3,139.9,39.1,5.61
367,sfantu gheorghe,0,RO,1536568200,50,44.65,26.83,75.2,12.75
368,kislyakovskaya,56,RU,1536570452,100,46.44,39.67,67.81,5.95
369,san francisco,90,US,1536568800,93,37.78,-122.42,64.04,6.93
370,aksu,90,KZ,1536568200,77,52.04,76.93,60.8,15.66
371,kinsale,75,IE,1536570000,87,51.71,-8.52,57.2,13.87
372,jacmel,32,HT,1536570455,100,18.24,-72.54,81.13,6.06
373,mulege,0,MX,1536570342,97,26.88,-111.98,71.68,3.04
374,port-cartier,5,CA,1536566400,100,50.03,-66.88,32.0,3.36
375,henties bay,0,NA,1536570456,82,-22.12,14.28,63.85,4.05
376,miquelon,0,PM,1536566400,81,47.1,-56.38,50.0,10.29
377,la rioja,8,AR,1536570290,69,-29.41,-66.86,59.98,6.73
378,arucas,40,ES,1536568200,69,28.12,-15.52,73.4,20.8
379,inuvik,90,CA,1536566400,95,68.36,-133.71,33.8,4.7
380,villa corzo,92,MX,1536570458,100,16.19,-93.27,66.46,2.82
381,alice springs,0,AU,1536568200,7,-23.7,133.88,77.0,10.29
382,camacha,75,PT,1536568200,73,33.08,-16.33,71.6,17.22
383,santa cecilia,88,CO,1536570459,98,5.35,-76.12,65.56,1.36
384,talcahuano,0,CL,1536566400,100,-36.72,-73.12,41.0,3.36
385,kaitangata,76,NZ,1536570460,94,-46.28,169.85,45.49,4.16
386,nagorsk,0,RU,1536570460,87,59.32,50.8,53.95,5.17
387,katobu,0,ID,1536570460,66,-4.94,122.53,87.25,7.74
388,wajid,0,SO,1536570461,44,3.81,43.25,89.86,11.99
389,hofn,90,IS,1536570000,93,64.25,-15.21,48.2,5.82
390,florianopolis,0,BR,1536566400,93,-27.6,-48.55,60.8,2.24
391,shirokiy,92,RU,1536570462,35,53.87,39.17,73.93,7.63
392,vostok,0,RU,1536570462,70,46.45,135.83,48.37,2.15
393,strezhevoy,75,RU,1536568200,86,60.73,77.6,41.0,11.18
394,buala,56,SB,1536570463,100,-8.15,159.59,78.25,3.83
395,chryston,90,GB,1536569400,82,55.91,-4.1,55.4,6.93
396,saint-francois,0,FR,1536568200,60,46.42,3.91,69.8,1.12
397,avera,1,US,1536568500,91,33.19,-82.53,75.92,2.71
398,singaparna,36,ID,1536570464,65,-7.35,108.11,76.54,3.15
399,taunggyi,80,MM,1536570273,95,20.78,97.03,71.77,3.38
400,bol,36,TD,1536570465,94,13.47,14.72,79.6,9.86
401,kiunga,92,PG,1536570465,99,-6.12,141.3,72.4,1.92
402,raudeberg,40,NO,1536569400,87,61.99,5.14,55.4,13.87
403,lanxi,92,CN,1536570466,68,29.21,119.46,73.93,6.62
404,hillsborough,90,US,1536568800,93,37.57,-122.38,64.04,6.93
405,marsabit,0,KE,1536570466,54,2.34,37.99,84.55,14.12
406,rawson,0,AR,1536570467,93,-43.3,-65.11,43.78,9.19
407,salme,0,TD,1536570467,79,13.3,19.7,89.05,2.71
408,srednekolymsk,8,RU,1536570467,38,67.46,153.71,61.15,8.52
409,fare,48,PF,1536570467,100,-16.7,-151.02,76.9,8.75
410,bandarbeyla,0,SO,1536570468,74,9.49,50.81,76.27,30.89
411,grand gaube,40,MU,1536566400,47,-20.01,57.66,78.8,18.34
412,hambantota,8,LK,1536570468,86,6.12,81.12,84.82,12.44
413,luderitz,0,NA,1536570469,83,-26.65,15.16,60.16,0.69
414,hamilton,90,CA,1536568920,100,43.26,-79.87,59.0,17.22
415,cayenne,0,GF,1536568200,100,4.94,-52.33,75.2,5.39
416,egvekinot,8,RU,1536570470,97,66.32,-179.17,47.92,2.59
417,dovolnoye,68,RU,1536570470,88,54.5,79.67,54.4,14.9
418,ahuimanu,40,US,1536566220,82,21.44,-157.84,78.98,5.61
419,piedra gorda,92,EC,1536570471,99,-0.75,-80.04,70.33,4.05
420,vanavara,32,RU,1536570471,59,60.35,102.28,57.28,3.6
421,taltal,0,CL,1536570471,91,-25.41,-70.49,45.4,1.81
422,chamrajnagar,40,IN,1536568200,48,11.92,76.95,87.8,4.61
423,bambanglipuro,48,ID,1536570472,55,-7.95,110.28,82.93,10.87
424,cherskiy,0,RU,1536570472,43,68.75,161.3,60.7,8.75
425,baykalsk,92,RU,1536570473,100,51.52,104.15,54.76,15.23
426,los llanos de aridane,40,ES,1536568200,69,28.66,-17.92,73.4,17.22
427,belaya gora,8,RU,1536570474,49,68.54,146.19,57.55,12.21
428,popondetta,100,PG,1536570474,98,-8.77,148.24,68.71,1.59
429,matagami,75,NG,1536566400,100,9.67,8.4,66.2,2.24
430,hue,40,VN,1536568200,70,16.47,107.58,87.8,6.93
431,minbu,68,MM,1536570475,75,20.18,94.88,86.98,8.52
432,dicabisagan,76,PH,1536570475,100,17.08,122.42,80.95,5.73
433,rapid valley,1,US,1536569760,70,44.06,-103.15,58.82,12.75
434,ilulissat,90,GL,1536569400,93,69.22,-51.1,35.6,3.36
435,mabaruma,0,GY,1536570476,100,8.2,-59.78,75.64,3.6
436,ubinskoye,76,RU,1536570476,77,55.31,79.68,51.7,16.35
437,walvis bay,0,NA,1536570477,94,-22.95,14.51,59.26,4.83
438,yokadouma,44,CM,1536570477,81,3.52,15.05,78.7,3.15
439,sivas,75,TR,1536567120,93,39.75,37.01,53.6,8.05
440,kathu,8,ZA,1536570477,18,-27.7,23.05,64.12,5.95
441,mizdah,0,LY,1536570478,50,31.45,12.98,86.08,6.62
442,novobirilyussy,0,RU,1536570478,73,56.95,90.69,61.24,8.3
443,ambanja,20,MG,1536566400,40,-13.68,48.45,87.8,4.7
444,dudinka,92,RU,1536570384,94,69.41,86.18,36.22,17.13
445,kupang,0,ID,1536570479,78,-10.16,123.6,82.84,18.48
446,adrar,0,DZ,1536566400,16,27.87,-0.29,96.8,8.05
447,salinopolis,0,BR,1536570479,100,-0.61,-47.36,79.15,7.4
448,russell,20,AR,1536566400,76,-33.01,-68.8,55.4,4.7
449,rantepao,0,ID,1536570480,63,-2.97,119.9,77.98,3.83
450,haines junction,12,CA,1536570481,73,60.75,-137.51,40.27,2.93
451,kijang,20,KR,1536570000,53,35.24,129.21,73.4,14.99
452,laguna,8,MX,1536570481,96,27.52,-110.01,73.12,2.37
453,manadhoo,12,MV,1536570482,100,5.77,73.38,83.92,7.4
454,constitucion,36,MX,1536570482,96,23.99,-104.67,53.5,2.82
455,fernley,1,US,1536569760,6,39.61,-119.25,60.98,3.36
456,ewa beach,1,US,1536566220,73,21.32,-158.01,78.98,3.36
457,dandong,0,CN,1536570483,70,40.12,124.37,71.59,2.59
458,moose factory,90,CA,1536566400,62,51.26,-80.61,53.6,14.99
459,cairns,20,AU,1536568200,69,-16.92,145.77,73.4,17.22
460,kurilsk,100,RU,1536570484,100,45.23,147.88,54.4,5.73
461,goma,56,CD,1536570485,77,-1.67,29.23,69.88,2.93
462,aykhal,8,RU,1536570485,67,65.95,111.51,40.27,3.94
463,yarada,68,IN,1536570485,100,17.65,83.27,83.83,9.42
464,valparaiso,75,US,1536568920,80,41.47,-87.06,62.06,5.82
465,sao joao da barra,48,BR,1536570486,99,-21.64,-41.05,72.22,5.84
466,monte patria,32,CL,1536570486,79,-30.69,-70.96,40.18,1.92
467,ust-tsilma,80,RU,1536570486,83,65.44,52.15,49.45,4.72
468,berlevag,0,NO,1536569400,76,70.86,29.09,60.8,5.82
469,ayni,20,TJ,1536570487,21,39.39,68.54,75.64,2.59
470,kota kinabalu,90,MY,1536568200,94,5.98,116.07,77.0,14.99
471,talara,8,PE,1536570488,94,-4.58,-81.27,60.79,4.61
472,simbahan,76,PH,1536570488,100,6.3,120.58,85.0,6.17
473,mitsamiouli,20,KM,1536566400,48,-11.38,43.28,86.0,24.16
474,kualakapuas,40,ID,1536566400,66,-3.01,114.39,86.0,4.7
475,guantanamo,0,BO,1536570489,68,-16.14,-62.05,69.61,2.71
476,ouallam,92,NE,1536570489,100,14.32,2.08,70.15,14.12
477,colquechaca,0,BO,1536570490,83,-18.7,-66.0,33.07,2.15
478,zaoyang,20,CN,1536570490,43,32.12,112.76,81.67,5.17
479,ixtapa,40,MX,1536565440,100,20.71,-105.21,77.0,3.36
480,solnechnyy,0,RU,1536570491,45,50.72,136.64,52.42,4.72
481,sretensk,88,RU,1536570491,58,52.24,117.7,59.98,7.18
482,san rafael,68,AR,1536570492,98,-34.61,-68.33,46.03,2.37
483,antalaha,20,MG,1536570492,91,-14.9,50.28,76.27,7.74
484,kiama,0,AU,1536566400,82,-34.67,150.86,57.2,5.82
485,nyurba,0,RU,1536570493,59,63.29,118.35,45.4,4.16
486,izhma,92,RU,1536570493,87,65.01,53.91,48.1,4.72
487,adeje,92,NG,1536570494,100,5.68,5.76,76.18,6.29
488,mecca,80,SA,1536570494,46,21.43,39.83,97.69,8.97
489,maldonado,0,UY,1536566400,76,-34.91,-54.96,55.4,9.17
490,tchibanga,36,GA,1536570495,77,-2.92,11.0,79.6,3.38
491,nishihara,90,JP,1536569760,93,35.74,139.53,78.8,4.38
492,sokoni,0,CD,1536570495,52,-12.89,28.78,80.05,4.5
493,tadine,56,NC,1536570496,98,-21.55,167.88,70.78,16.13
494,tilichiki,92,RU,1536570496,100,60.47,166.1,51.7,4.72
495,port hardy,90,CA,1536566400,93,50.7,-127.42,55.4,8.05
496,baymak,76,RU,1536570497,55,52.6,58.31,61.87,4.94
497,gat,0,SN,1536566400,94,14.69,-16.54,77.0,9.64
498,kolosovka,36,RU,1536570498,67,56.47,73.61,50.53,14.79
499,isla del bosque,75,MX,1536565260,94,22.73,-105.85,78.8,4.7
500,maningrida,0,AU,1536570498,41,-12.05,134.23,85.0,9.98
501,hirado,75,JP,1536566400,61,33.32,129.49,78.8,18.34
502,morondava,92,MG,1536570500,100,-20.3,44.28,72.13,3.6
503,luanda,40,AO,1536566400,78,-8.83,13.24,75.2,8.05
504,narsaq,40,GL,1536569400,64,60.91,-46.05,35.6,1.12
505,vizinga,0,RU,1536570501,66,61.08,50.08,53.32,5.17
506,panguna,48,PG,1536570501,79,-6.32,155.48,77.98,5.17
507,boca do acre,48,BR,1536570502,72,-8.76,-67.39,76.0,3.27
508,coihaique,48,CL,1536566400,79,-45.58,-72.07,33.8,1.12
509,monrovia,75,LR,1536568200,94,6.33,-10.8,75.2,3.36
510,havoysund,0,NO,1536569400,55,71.0,24.66,64.4,19.46
511,natal,75,BR,1536566400,88,-5.81,-35.21,73.4,9.17
512,bassano,8,CA,1536570563,77,50.79,-112.47,47.83,9.64
513,ayr,40,GB,1536569400,82,55.46,-4.63,55.4,18.34
514,izyum,80,UA,1536570505,95,49.21,37.25,65.47,8.52
515,wanning,0,AT,1536567600,77,48.64,13.53,62.6,2.24
516,geraldton,5,CA,1536566400,87,49.72,-86.95,50.0,6.93
517,hangha,92,SL,1536570506,100,7.94,-11.14,75.37,4.94
518,roald,40,NO,1536569400,77,62.58,6.12,59.0,11.41
519,mbuji-mayi,40,CD,1536566400,65,-6.13,23.6,80.6,6.93
520,eresos,20,GR,1536567600,61,39.17,25.93,80.6,10.29
521,manakara,32,MG,1536570507,90,-22.14,48.01,75.91,16.8
522,lakatoro,80,VU,1536570508,86,-16.11,167.42,75.28,8.19
523,cooma,0,AU,1536570509,87,-36.24,149.13,49.9,3.38
524,kargasok,48,RU,1536570509,81,59.06,80.87,44.41,7.96
525,margraten,76,BE,1536569700,77,50.82,5.82,66.2,8.05
526,sao gabriel da cachoeira,88,BR,1536570510,98,-0.13,-67.09,70.24,3.15
527,abu dhabi,0,AE,1536566400,19,24.47,54.37,105.8,6.93
528,boende,88,CD,1536570511,86,-0.28,20.88,77.89,3.15
529,govardhan,20,IN,1536570511,74,27.5,77.46,90.4,8.97
530,tortoli,40,IT,1536566100,78,39.93,9.66,80.6,2.59
531,esqueda,88,MX,1536570222,66,30.72,-109.59,68.89,2.04
532,totma,0,RU,1536570512,78,59.98,42.76,55.03,5.5
533,bethanien,0,NA,1536570512,17,-26.5,17.16,63.67,9.19
534,manicore,80,BR,1536570513,94,-5.81,-61.3,73.48,2.26
535,rustenburg,0,ZA,1536566400,26,-25.67,27.24,60.8,2.24
536,kavaratti,8,IN,1536570513,100,10.57,72.64,82.66,9.53
537,tomatlan,56,MX,1536570514,90,19.93,-105.25,74.56,2.15
538,ornskoldsvik,32,SE,1536569400,82,63.29,18.72,62.6,12.75
539,guerrero negro,0,MX,1536570514,95,27.97,-114.04,68.62,2.71
540,luban,0,CN,1536570515,55,34.19,105.09,67.27,6.73
541,gao,24,ML,1536570515,100,16.28,-0.04,78.07,4.61
542,sabalgarh,64,IN,1536570515,90,26.25,77.41,83.2,9.75
543,hanmer springs,0,NZ,1536570515,100,-42.52,172.83,30.28,2.15
544,khorixas,0,NA,1536570516,32,-20.37,14.96,73.48,5.39
545,college,1,US,1536567960,93,64.86,-147.8,39.02,6.93
546,glotovka,64,RU,1536570516,35,53.95,46.7,74.65,4.61
547,kramat,20,ID,1536566400,40,-7.04,112.64,89.6,17.22
548,uusikaupunki,48,FI,1536569400,67,60.8,21.41,62.6,4.7
549,melenki,90,RU,1536568200,87,55.94,42.98,55.4,8.95
550,nicolas bravo,76,MX,1536570517,100,24.39,-104.74,55.66,3.27
551,sisimiut,88,GL,1536570518,100,66.94,-53.67,32.98,2.37
552,roseland,75,US,1536569580,90,30.76,-90.51,75.02,1.92
553,kachug,80,RU,1536570518,73,53.96,105.89,57.28,3.15
